{
  "training_date": "2025-12-30T00:28:44.130720",
  "performance": {
    "classifier": {
      "accuracy": 0.9933333333333333,
      "roc_auc": 1.0,
      "f1_score": 0.9919354838709677
    },
    "regressor_days": {
      "mae": 12.635879700978597
    },
    "regressor_pct": {
      "mae": 0.0907929188271996
    }
  }
}